D1D2_mean,D1D2_std,D1U1_mean,D1U1_std,D1U2_mean,D1U2_std,U1D2_mean,U1D2_std,U1U2_mean,U1U2_std,ageRange,degree,delFreq,editDistance,gender,leftFreq,nbKeystroke,pcTimeAverage,status,typeWith,country_Angola,country_Arabie_Saoudite,country_Bahamas,country_Barbade,country_Belgique,country_Belize,country_Canada,country_France,country_Germany,country_Italy,country_Portugal,country_Spain,country_Suisse,country_Tunisia,country_United Arab Emirates,country_United_States,typistType_One Finger Typist,typistType_Touch Typist,typistType_Two Finger Typist
237.1904761904762,1925.7114431706211,129.05555555555554,209.69249237401107,354.8235294117647,388.4611018900875,1531.5882352941176,5470.427094400921,27.120567375886523,155.15380039033724,1,2,145,0,False,0,148,3,1,2,0,0,0,0,0,0,0,0,0,0,0,0,0,1,0,0,0,1,0
169.33928571428572,731.543458253695,623.6666666666666,805.151883532266,807.0,738.0,2504.5,2799.5,-4.018518518518518,29.255256406923557,1,2,0,54,False,0,57,3,1,2,0,0,0,0,0,0,0,0,0,0,0,0,0,1,0,0,0,1,0
316.6209677419355,696.2101044658529,81.84042553191489,17.10810632263496,452.3225806451613,768.5364972170356,319.21505376344084,779.4911884631306,288.0,691.3566855586678,2,2,44,2,False,0,125,1,1,2,0,0,0,0,0,0,0,0,0,0,0,0,0,1,0,0,0,0,1
389.5408163265306,711.7180875101668,80.51851851851852,21.77330515926094,471.6625,708.4712581281967,371.4625,766.9971144624666,341.1195652173913,670.0328000146434,2,2,24,1,False,0,99,1,1,2,0,0,0,0,0,0,0,0,0,0,0,0,0,1,0,0,0,0,1
292.01851851851853,263.99308988857325,79.94444444444444,16.94371583132931,355.64150943396226,234.05112280928637,207.9056603773585,260.56037319816625,272.6923076923077,231.42190396143596,2,2,15,0,False,0,55,1,1,2,0,0,0,0,0,0,0,0,0,0,0,0,0,1,0,0,0,0,1
