D1D2_mean,D1D2_std,D1U1_mean,D1U1_std,D1U2_mean,D1U2_std,TotTime,U1D2_mean,U1D2_std,U1U2_mean,U1U2_std,ageRange,answer,degree,delFreq,editDistance,gender,leftFreq,nbKeystroke,pcTimeAverage,status,typeWith,country_Angola,country_Arabie_Saoudite,country_Bahamas,country_Barbade,country_Belgique,country_Belize,country_Canada,country_France,country_Germany,country_Italy,country_Portugal,country_Spain,country_Suisse,country_Tunisia,country_United Arab Emirates,country_United_States,typistType_One Finger Typist,typistType_Touch Typist,typistType_Two Finger Typist
683.0602836879433,1101.5532006274982,96.07438016528926,31.715591829755798,884.2157676348547,1157.2644751643952,192762.0,694.6099585062241,1157.3371341396182,677.1785714285714,1108.432936742274,1.0,-1.0,2.0,8,26.0,False,1,283.0,3.0,1.0,2.0,0,0,0,0,0,0,0,0,0,0,0,0,0,1,0,0,0,1,0
714.7841726618705,699.4592234127172,99.07142857142857,22.182246072395973,813.7697841726618,701.1311037876687,99463.0,615.7769784172662,696.2228209764629,714.7625899280575,697.8657761190074,1.0,1.0,2.0,11,2.0,False,0,140.0,3.0,1.0,2.0,0,0,0,0,0,0,0,0,0,0,0,0,0,1,0,0,0,1,0
361.3090128755365,379.9703385254057,88.44017094017094,35.663291380739544,449.80257510729615,381.75816962994486,84265.0,272.83261802575106,380.09199514456276,361.3261802575107,381.7054749045458,2.0,-1.0,2.0,10,23.0,False,0,234.0,1.0,1.0,2.0,0,0,0,0,0,0,0,0,0,0,0,0,0,1,0,0,0,0,1
426.7103825136612,601.4265084642182,92.58757062146893,51.88671344333949,526.2556818181819,613.4765568162907,78186.0,347.09659090909093,614.5035383337852,421.16022099447514,614.5529406574095,2.0,1.0,2.0,7,2.0,False,0,184.0,1.0,1.0,2.0,0,0,0,0,0,0,0,0,0,0,0,0,0,1,0,0,0,0,1
352.13868613138686,325.04883816053643,92.08695652173913,54.05813808887419,443.93430656934305,332.6866569953886,48354.0,260.18978102189783,325.20440585730563,351.985401459854,332.4866274771305,2.0,1.0,2.0,9,2.0,False,0,138.0,1.0,1.0,2.0,0,0,0,0,0,0,0,0,0,0,0,0,0,1,0,0,0,0,1
